{
  "$schema": "https://titan.apimatic.io/api/build/schema",
  "buildFileVersion": "1",
  "generatePortal": {
    "contentFolder": "./",
    "apiSpecPath": "./spec",
    "apiSpecs": [],
    "apiMergeSettings": {
      "type": "Full"
    },
    "tailIncludes": "<script defer src='./static/api-recipes/get-all-accounts.js'></script><script>document.addEventListener('DOMContentLoaded', (event) => {APIMaticDevPortal.ready(({ registerWorkflow }) => {registerWorkflow('page:api-recipes/get-all-accounts','Get All Accounts',GetAllAccounts);});});</script>",
    "languageConfig": {
      "http": {},
      "csharp": {},
      "java": {},
      "php": {},
      "python": {},
      "ruby": {},
      "typescript": {},
      "go": {}
    },
    "portalSettings": {
      "container": "apimatic-widget",
      "portalStyle": "default",
      "apiKey": "xxx",
      "baseUrl": "./",
      "enableExport": true,
      "enableAnalytics": true,
      "enableConsoleCalls": true,
      "useProxyForConsoleCalls": true,
      "languageSettings": {
        "http_curl_v1": {
          "sdkDownloadLink": "",
          "disableSdkDownload": false
        },
        "cs_net_standard_lib": {
          "sdkDownloadLink": "",
          "disableSdkDownload": false
        },
        "java_eclipse_jre_lib": {
          "sdkDownloadLink": "",
          "disableSdkDownload": false
        },
        "php_generic_lib_v2": {
          "sdkDownloadLink": "",
          "disableSdkDownload": false
        },
        "python_generic_lib": {
          "sdkDownloadLink": "",
          "disableSdkDownload": false
        },
        "ruby_generic_lib": {
          "sdkDownloadLink": "",
          "disableSdkDownload": false
        },
        "ts_generic_lib": {
          "sdkDownloadLink": "",
          "disableSdkDownload": false
        },
        "go_generic_lib": {
          "sdkDownloadLink": "",
          "disableSdkDownload": false
        }
      },
      "allowedExportFormats": [
        "postman10",
        "postman20",
        "openapi31json",
        "openapi31yaml",
        "openapi3json",
        "openapi3yaml",
        "swagger20",
        "swaggeryaml",
        "swagger10",
        "raml",
        "raml10",
        "apiblueprint",
        "wadl2009",
        "apimatic",
        "wsdl",
        "insomnia",
        "insomniayaml"
      ],
      "theme": {
        "baseTheme": "standard",
        "colors": {
          "primaryColor": {
            "light": "#0074bd",
            "dark": "#0074bd"
          },
          "linkColor": {
            "light": "#007c8a",
            "dark": "#007c8a"
          }
        },
        "colorMode": {
          "defaultMode": "system",
          "disableSwitch": false
        },
        "cssStyles": {
          "headings": {
            "fontFamily": "'Rubik', sans-serif",
            "h1": {
              "fontFamily": "'Rubik', sans-serif",
              "fontSize": "27px",
              "fontWeight": "500",
              "fontStyle": "normal",
              "lineHeight": "1.3"
            },
            "h2": {
              "fontFamily": "'Rubik', sans-serif",
              "fontSize": "24px",
              "fontWeight": "500",
              "fontStyle": "normal",
              "lineHeight": "1.3"
            },
            "h3": {
              "fontFamily": "'Rubik', sans-serif",
              "fontSize": "21.36px",
              "fontWeight": "500",
              "fontStyle": "normal",
              "lineHeight": "1.3"
            },
            "h4": {
              "fontFamily": "'Rubik', sans-serif",
              "fontSize": "18px",
              "fontWeight": "500",
              "fontStyle": "normal",
              "lineHeight": "1.3"
            },
            "h5": {
              "fontFamily": "'Rubik', sans-serif",
              "fontSize": "16px",
              "fontWeight": "500",
              "fontStyle": "normal",
              "lineHeight": "1.3"
            },
            "h6": {
              "fontFamily": "'Rubik', sans-serif",
              "fontSize": "15px",
              "fontWeight": "500",
              "fontStyle": "normal",
              "lineHeight": "1.3"
            }
          },
          "body": {
            "fontFamily": "'Rubik', sans-serif",
            "text1": {
              "fontFamily": "'Rubik', sans-serif",
              "fontSize": "15px",
              "fontWeight": "400",
              "fontStyle": "normal",
              "lineHeight": "1.75"
            },
            "text2": {
              "fontFamily": "'Rubik', sans-serif",
              "fontSize": "13.33px",
              "fontWeight": "400",
              "fontStyle": "normal",
              "lineHeight": "1.75"
            },
            "text3": {
              "fontFamily": "'Rubik', sans-serif",
              "fontSize": "11.85px",
              "fontWeight": "400",
              "fontStyle": "normal",
              "lineHeight": "1.75"
            }
          },
          "code": {
            "fontFamily": "Courier Prime, monospace",
            "inlineCode": {
              "fontFamily": "Courier Prime, monospace",
              "fontSize": "15px",
              "fontWeight": "400",
              "fontStyle": "normal",
              "lineHeight": "1.75"
            },
            "blockCode": {
              "fontFamily": "Courier Prime, monospace",
              "fontSize": "15px",
              "fontWeight": "400",
              "fontStyle": "normal",
              "lineHeight": "1.75"
            }
          }
        },
        "fontSource": [
          "https://fonts.googleapis.com/css?family='Rubik':100,100i,300,300i,400,400i,500,500i,700,700i,900,900i",
          "https://fonts.googleapis.com/css?family=Courier+Prime:100,100i,300,300i,400,400i,500,500i,700,700i,900,900i"
        ]
      },
      "codegenApiRoutes": {
        "docsgen": "/static/docs/{template}.json",
        "codegen": "/static/sdks/{template}.zip",
        "transform": "/static/exports/{format}.{ext}"
      },
      "renameHttpToRest": false
    },
    "pageTitle": "Yodlee APIs",
    "navTitle": "Yodlee APIs",
    "logoUrl": "https://apimaticio.blob.core.windows.net/images/draft-logos/logo-2c371217-d9ee-4f10-852d-cd5feb7d9180.png",
    "logoUrlDark": "https://apimaticio.blob.core.windows.net/images/draft-logos/logo-dark-a8c20bfa-12e4-472a-bf15-cbd919766750.png",
    "logoLink": "",
    "faviconUrl": "https://apimaticio.blob.core.windows.net/images/draft-favicons/yodlee-favicon-c3f3e15f-d457-4388-a3e3-8233c0210887.png",
    "whiteLabel": false,
    "useHostedPortalScript": true,
    "debug": {
      "publishReport": false,
      "dumpImportedApi": false,
      "reportPath": "./apimatic-debug/apimatic-report.html",
      "importedApiDumpPath": "./apimatic-debug/imported-api-dump.json"
    }
  },
  "apiCopilotConfig": {
    "key": "2664854d-a665-4f4f-8dd8-be99a251979c",
    "welcomeMessage": "Welcome to the Yodlee Developer Portal!\n\nExplore the following prompts and harness the power of the Yodlee API with API Copilot\u0027s assistance!\n\n - \u0060Can you show me all the accounts I have across different banks?\u0060 \n - \u0060I want to check the balance in one of my accounts. How do I do that?\u0060 \n - \u0060How do I see my recent transactions?\u0060 \n - \u0060Can I get detailed information about a specific transaction?\u0060 \n - \u0060How can I view my net worth or asset summary?\u0060",
    "isEnabled": true
  }
}